speaker_id,gender_id
speaker000,m
speaker001,f
speaker002,f
speaker003,m
speaker004,f
speaker005,f
speaker006,f
speaker007,f
speaker008,m
speaker009,m
speaker010,m
speaker011,f
speaker012,f
speaker013,m
speaker014,m
speaker015,f
speaker016,m
speaker017,f
speaker018,f
speaker019,f
speaker020,f
speaker021,f
speaker022,f
speaker023,f
speaker024,f
speaker025,f
speaker026,m
speaker027,f
speaker028,f
speaker029,f
speaker030,m
speaker031,f
speaker032,m
speaker033,f
speaker034,f
speaker035,m
speaker036,f
speaker037,m
speaker038,f
speaker039,f
speaker040,f
speaker041,f
speaker042,f
speaker043,f
speaker044,f
speaker045,f
speaker046,f
speaker047,f
speaker048,f
speaker049,m
speaker050,m
speaker051,m
speaker052,f
speaker053,f
speaker054,f
speaker055,m
speaker056,m
speaker057,f
speaker058,m
speaker059,f
speaker060,f
speaker061,f
speaker062,m
speaker063,m
speaker064,m
speaker065,m
speaker066,m
speaker067,m
speaker068,m
speaker069,f
speaker070,m
speaker071,m
speaker072,f
speaker073,m
speaker074,f
speaker075,m
speaker076,m
speaker077,f
speaker078,m
speaker079,f
speaker080,f
speaker082,f
speaker083,f
speaker084,m
speaker085,m
speaker087,m
speaker089,m
speaker090,m
speaker091,f
speaker092,m
speaker093,f
speaker094,m
speaker095,m
speaker096,m
speaker097,m
speaker099,m
speaker101,f
speaker102,m
speaker103,f
speaker104,m
speaker105,m
speaker106,m
speaker107,f
speaker108,f
speaker109,m
speaker110,f
speaker111,m
speaker112,m
speaker113,m
speaker114,m
speaker115,f
speaker116,m
speaker117,f
speaker118,m
speaker120,m
speaker121,m
speaker122,f
speaker123,m
speaker124,f
speaker125,m
speaker126,f
speaker127,f
speaker128,m
speaker129,m
speaker130,m
speaker131,m
speaker132,m
speaker133,m
speaker134,f
speaker135,m
speaker136,m
speaker137,m
speaker138,f
speaker139,m
speaker140,m
speaker141,f
speaker142,f
speaker143,f
speaker144,m
speaker145,m
speaker146,f
speaker147,m
speaker148,m
speaker149,m
speaker150,f
speaker151,m
speaker152,m
speaker153,m
speaker154,f
speaker155,m
speaker156,f
speaker157,m
speaker158,m
speaker159,f
speaker160,m
speaker161,m
speaker162,m
speaker163,m
speaker164,f
speaker166,m
speaker167,f
speaker168,f
speaker169,f
speaker170,m
speaker171,f
speaker172,m
speaker173,f
speaker174,m
speaker175,f
speaker176,m
speaker177,m
speaker178,m
speaker179,m
speaker180,m
speaker181,f
speaker182,m
speaker183,m
speaker184,m
speaker185,m
speaker186,m
speaker187,m
speaker188,f
speaker189,m
speaker190,f
speaker191,m
speaker192,m
speaker193,f
speaker194,m
speaker195,m
speaker196,m
speaker197,m
speaker198,m
speaker199,m
speaker200,m
speaker201,f
speaker202,m
speaker203,f
speaker204,m
speaker205,m
speaker206,f
speaker207,f
speaker208,f
speaker209,f
speaker210,m
speaker211,m
speaker212,f
speaker213,f
speaker214,m
speaker215,f
speaker216,m
speaker218,f
speaker219,f
speaker220,m
speaker221,m
speaker222,m
speaker223,f
speaker224,f
speaker225,m
speaker226,m
speaker227,m
speaker228,f
speaker229,f
speaker230,m
speaker231,f
speaker232,m
speaker233,m
speaker234,m
speaker235,m
speaker236,m
speaker237,m
speaker239,m
speaker240,f
speaker241,m
speaker242,f
speaker243,m
speaker244,m
speaker245,m
speaker246,m
speaker247,m
speaker248,m
speaker249,m
speaker250,m
speaker251,m
speaker252,f
speaker254,m
speaker255,m
speaker256,f
speaker257,m
speaker258,f
speaker259,m
speaker260,f
speaker261,f
speaker262,f
speaker263,f
speaker264,f
speaker265,f
speaker266,f
speaker267,f
speaker268,m
speaker269,f
speaker270,f
speaker271,f
speaker272,f
speaker273,f
speaker274,f
speaker275,m
speaker276,f
speaker277,f
speaker278,m
speaker279,m
speaker280,m
speaker281,f
speaker282,f
speaker283,m
speaker284,m
speaker285,f
speaker286,f
speaker287,f
speaker288,f
speaker289,f
speaker290,f
speaker291,f
speaker292,f
speaker294,m
speaker295,f
speaker296,f
speaker297,f
speaker298,m
speaker299,m
speaker300,f
speaker301,m
speaker302,f
speaker303,m
speaker304,f
speaker305,f
speaker306,f
speaker307,m
speaker308,f
speaker309,m
speaker310,f
speaker311,f
speaker312,m
speaker313,f
speaker314,f
speaker315,f
speaker316,f
speaker317,m
speaker318,f
speaker319,m
speaker320,m
speaker321,f
speaker322,f
speaker323,m
speaker324,f
speaker325,m
speaker326,f
speaker327,m
speaker328,m
speaker329,f
speaker331,f
speaker332,m
speaker333,f
speaker334,f
